code,name,activity,days,start_time,end_time,room,section,teacher
"101201","مواد سنية (1)","نظري","الاثنين","8:00 AM","9:00 AM","6120","1","د. صفوح البني"
"101201","مواد سنية (1)","عملي","السبت","8:00 AM","10:00 AM","مخبر3","1","ه.ت"
"101201","مواد سنية (1)","نظري","الاثنين","9:00 AM","10:00 AM","6120","2","د. صفوح البني"
"101201","مواد سنية (1)","عملي","السبت","10:00 AM","12:00 PM","مخبر3","2","ه.ت"
"101201","مواد سنية (1)","عملي","السبت","12:00 PM","2:00 PM","مخبر3","3","ه.ت"
"101201","مواد سنية (1)","عملي","السبت","2:00 PM","4:00 PM","مخبر3","4","ه.ت"
"101202","مواد سنية (2)","عملي","السبت","8:00 AM","10:00 AM","مخبر4","1","ه.ت"
"101202","مواد سنية (2)","نظري","الاثنين","8:00 AM","9:00 AM","6124","1","د. ثرى العباس"
"101202","مواد سنية (2)","نظري","الاثنين","9:00 AM","10:00 AM","6124","2","د. ثرى العباس"
"101202","مواد سنية (2)","عملي","السبت","10:00 AM","12:00 PM","مخبر4","2","ه.ت"
"101202","مواد سنية (2)","عملي","السبت","12:00 PM","2:00 PM","مخبر4","3","ه.ت"
"101202","مواد سنية (2)","عملي","السبت","2:00 PM","4:00 PM","مخبر4","4","ه.ت"
"101221","طب الأسنان الوقائي","نظري","الاثنين","12:00 PM","1:00 PM","6128","1","د. نغم خوري"
"101221","طب الأسنان الوقائي","عملي","الأحد","8:00 AM","10:00 AM","مخبر7","1","ه.ت"
"101221","طب الأسنان الوقائي","عملي","الأحد","10:00 AM","12:00 PM","مخبر7","2","ه.ت"
"101221","طب الأسنان الوقائي","نظري","الاثنين","1:00 PM","2:00 PM","6128","2","د. نغم خوري"
"101221","طب الأسنان الوقائي","عملي","الثلاثاء","12:00 PM","2:00 PM","مخبر7","3","ه.ت"
"101221","طب الأسنان الوقائي","عملي","الثلاثاء","2:00 PM","4:00 PM","مخبر7","4","ه.ت"
"101231","علم الأشعة السنية","نظري","السبت","12:00 PM","1:00 PM","6121","1","د. محمد يحيى سالم ركاب"
"101231","علم الأشعة السنية","عملي","الاثنين","8:00 AM","10:00 AM","مخبر7","1","ه.ت"
"101231","علم الأشعة السنية","عملي","الاثنين","10:00 AM","12:00 PM","مخبر7","2","ه.ت"
"101231","علم الأشعة السنية","نظري","السبت","1:00 PM","2:00 PM","6121","2","د. محمد يحيى سالم ركاب"
"101231","علم الأشعة السنية","نظري","الثلاثاء","12:00 PM","1:00 PM","6126","3","د. محمد يحيى سالم ركاب"
"101231","علم الأشعة السنية","عملي","الاثنين","12:00 PM","2:00 PM","مخبر7","3","ه.ت"
"101231","علم الأشعة السنية","عملي","الاثنين","2:00 PM","4:00 PM","مخبر7","4","ه.ت"
"101234","مداواة الأسنان المحافظة (1)","عملي","الأحد","8:00 AM","10:00 AM","مخبر6","1","ه.ت"
"101234","مداواة الأسنان المحافظة (1)","نظري","الأحد","10:00 AM","12:00 PM","6120","1","د.موفق البوبس"
"101234","مداواة الأسنان المحافظة (1)","نظري","الأحد","12:00 PM","2:00 PM","6120","2","د.موفق البوبس"
"101234","مداواة الأسنان المحافظة (1)","عملي","الأحد","10:00 AM","12:00 PM","مخبر6","2","ه.ت"
"101234","مداواة الأسنان المحافظة (1)","عملي","الاثنين","8:00 AM","10:00 AM","مخبر6","3","ه.ت"
"101234","مداواة الأسنان المحافظة (1)","عملي","الاثنين","10:00 AM","12:00 PM","مخبر6","4","ه.ت"
"101241","التعويضات الثابتة (1)","نظري","الثلاثاء","8:00 AM","10:00 AM","6129","1","د. محمد عربي كاتبي"
"101241","التعويضات الثابتة (1)","عملي","الأحد","8:00 AM","10:00 AM","مخبر4","1","ه.ت"
"101241","التعويضات الثابتة (1)","نظري","الثلاثاء","10:00 AM","12:00 PM","6129","2","د. محمد عربي كاتبي"
"101241","التعويضات الثابتة (1)","عملي","الأحد","10:00 AM","12:00 PM","مخبر4","2","ه.ت"
"101241","التعويضات الثابتة (1)","عملي","الاثنين","8:00 AM","10:00 AM","مخبر4","3","ه.ت"
"101241","التعويضات الثابتة (1)","عملي","الاثنين","10:00 AM","12:00 PM","مخبر4","4","ه.ت"
"101292","قوانين وأخلاقيات ممارسة طب الأسنان","نظري","السبت","9:00 AM","10:00 AM","6130","1","د. محمود عبد الحق"
"101292","قوانين وأخلاقيات ممارسة طب الأسنان","نظري","السبت","10:00 AM","11:00 AM","6130","2","د. محمود عبد الحق"
"101334","مداواة الأسنان المحافظة (2)","نظري","الأحد","8:00 AM","10:00 AM","6119","1","د.كنده ليوس"
"101334","مداواة الأسنان المحافظة (2)","عملي","الأحد","12:00 PM","2:00 PM","مخبر6","1","ه.ت"
"101334","مداواة الأسنان المحافظة (2)","نظري","الأحد","10:00 AM","12:00 PM","6119","2","د.كنده ليوس"
"101334","مداواة الأسنان المحافظة (2)","عملي","الأحد","2:00 PM","4:00 PM","مخبر6","2","ه.ت"
"101334","مداواة الأسنان المحافظة (2)","عملي","الاثنين","12:00 PM","2:00 PM","مخبر6","3","ه.ت"
"101334","مداواة الأسنان المحافظة (2)","عملي","الاثنين","2:00 PM","4:00 PM","مخبر6","4","ه.ت"
"101343","التعويضات الثابتة (2 )","نظري","الأحد","8:00 AM","10:00 AM","6127","1","د.رئام محمود"
"101343","التعويضات الثابتة (2 )","عملي","الأحد","12:00 PM","2:00 PM","مخبر4","1","ه.ت"
"101343","التعويضات الثابتة (2 )","نظري","الأحد","10:00 AM","12:00 PM","6127","2","د.رئام محمود"
"101343","التعويضات الثابتة (2 )","عملي","الأحد","2:00 PM","4:00 PM","مخبر4","2","ه.ت"
"101343","التعويضات الثابتة (2 )","عملي","الاثنين","12:00 PM","2:00 PM","مخبر4","3","ه.ت"
"101343","التعويضات الثابتة (2 )","عملي","الاثنين","2:00 PM","4:00 PM","مخبر4","4","ه.ت"
"101344","التعويضات السنية الجزئية المتحركة (1)","نظري","الاثنين","8:00 AM","10:00 AM","6125","1","د. نيرمين زريق"
"101344","التعويضات السنية الجزئية المتحركة (1)","عملي","السبت","8:00 AM","10:00 AM","مخبر شمع","1","ه.ت"
"101344","التعويضات السنية الجزئية المتحركة (1)","عملي","السبت","10:00 AM","12:00 PM","مخبر شمع","2","ه.ت"
"101344","التعويضات السنية الجزئية المتحركة (1)","نظري","الأحد","10:00 AM","12:00 PM","6125","2","د. نيرمين زريق"
"101344","التعويضات السنية الجزئية المتحركة (1)","عملي","السبت","12:00 PM","2:00 PM","مخبر شمع","3","ه.ت"
"101344","التعويضات السنية الجزئية المتحركة (1)","عملي","السبت","2:00 PM","4:00 PM","مخبر شمع","4","ه.ت"
"101361","علم الإطباق السني","نظري","الأحد","8:00 AM","9:00 AM","6124","1","د.علياء الشلاح"
"101361","علم الإطباق السني","نظري","الأحد","9:00 AM","10:00 AM","6124","2","د.علياء الشلاح"
"101362","تقويم الأسنان (1)","نظري","الأحد","10:00 AM","12:00 PM","6124","1","د.علياء الشلاح"
"101362","تقويم الأسنان (1)","عملي","الأحد","12:00 PM","2:00 PM","مخبر3","1","ه.ت"
"101362","تقويم الأسنان (1)","نظري","الاثنين","8:00 AM","10:00 AM","6121","2","د.علياء الشلاح"
"101362","تقويم الأسنان (1)","عملي","الأحد","2:00 PM","4:00 PM","مخبر3","2","ه.ت"
"101362","تقويم الأسنان (1)","عملي","الاثنين","12:00 PM","2:00 PM","مخبر3","3","ه.ت"
"101362","تقويم الأسنان (1)","عملي","الاثنين","2:00 PM","4:00 PM","مخبر3","4","ه.ت"
"101371","امراض النسج حول السنية (1)","نظري","الاثنين","8:00 AM","10:00 AM","6022","1","محمد حريسي"
"101371","امراض النسج حول السنية (1)","عملي","الأحد","12:00 PM","2:00 PM","مخبر7","1","ه.ت"
"101371","امراض النسج حول السنية (1)","نظري","الاثنين","10:00 AM","12:00 PM","6022","2","محمد حريسي"
"101371","امراض النسج حول السنية (1)","عملي","الأحد","2:00 PM","4:00 PM","مخبر7","2","ه.ت"
"101371","امراض النسج حول السنية (1)","عملي","الثلاثاء","8:00 AM","10:00 AM","مخبر7","3","ه.ت"
"101371","امراض النسج حول السنية (1)","عملي","الثلاثاء","10:00 AM","12:00 PM","مخبر7","4","ه.ت"
"101381","التخدير و القلع (1)","نظري","الاثنين","8:00 AM","10:00 AM","6119","1","د. هيثم بحاح"
"101381","التخدير و القلع (1)","عملي","الأحد","12:00 PM","2:00 PM","مخبر شمع","1","ه.ت"
"101381","التخدير و القلع (1)","عملي","الأحد","2:00 PM","4:00 PM","مخبر شمع","2","ه.ت"
"101381","التخدير و القلع (1)","نظري","الاثنين","10:00 AM","12:00 PM","6119","2","د. هيثم بحاح"
"101381","التخدير و القلع (1)","عملي","الثلاثاء","8:00 AM","10:00 AM","مخبر شمع","3","ه.ت"
"101381","التخدير و القلع (1)","عملي","الثلاثاء","10:00 AM","12:00 PM","مخبر شمع","4","ه.ت"
"101431","مداواة الأسنان اللبية (1)","عملي","الثلاثاء","8:00 AM","10:00 AM","مخبر3","1","ه.ت"
"101431","مداواة الأسنان اللبية (1)","نظري","السبت","8:00 AM","10:00 AM","6127","1","د.كنده ليوس"
"101431","مداواة الأسنان اللبية (1)","نظري","الاثنين","10:00 AM","12:00 PM","6127","2","د.محمد سالم يحيى ركاب"
"101431","مداواة الأسنان اللبية (1)","عملي","الثلاثاء","10:00 AM","12:00 PM","مخبر3","2","ه.ت"
"101431","مداواة الأسنان اللبية (1)","عملي","الثلاثاء","12:00 PM","2:00 PM","مخبر3","3","ه.ت"
"101431","مداواة الأسنان اللبية (1)","نظري","الاثنين","12:00 PM","2:00 PM","6127","3","د.محمد سالم يحيى ركاب"
"101431","مداواة الأسنان اللبية (1)","عملي","الثلاثاء","2:00 PM","4:00 PM","مخبر3","4","ه.ت"
"101435","مداواة الأسنان المحافظة (3)","نظري","الثلاثاء","10:00 AM","12:00 PM","6118","1","د.موفق البوبس"
"101435","مداواة الأسنان المحافظة (3)","عملي","الأحد","8:00 AM","10:00 AM","عيادة 6 م","1","ه.ت"
"101435","مداواة الأسنان المحافظة (3)","عملي","الأحد","10:00 AM","12:00 PM","عيادة 6 م","2","ه.ت"
"101435","مداواة الأسنان المحافظة (3)","نظري","الثلاثاء","12:00 PM","2:00 PM","6118","2","د.موفق البوبس"
"101435","مداواة الأسنان المحافظة (3)","عملي","الأحد","12:00 PM","2:00 PM","عيادة 6 م","3","ه.ت"
"101435","مداواة الأسنان المحافظة (3)","عملي","الأحد","2:00 PM","4:00 PM","عيادة 6 م","4","ه.ت"
"101436","مداواة الأسنان اللبية (2)","نظري","الثلاثاء","8:00 AM","10:00 AM","6121","1","د. عمار عيد"
"101436","مداواة الأسنان اللبية (2)","عملي","الثلاثاء / السبت","8:00 AM","10:00 AM","مخبر5","1","ه.ت"
"101436","مداواة الأسنان اللبية (2)","نظري","الثلاثاء","10:00 AM","12:00 PM","6121","2","د. عمار عيد"
"101436","مداواة الأسنان اللبية (2)","عملي","الثلاثاء / السبت","10:00 AM","12:00 PM","مخبر5","2","ه.ت"
"101436","مداواة الأسنان اللبية (2)","عملي","الثلاثاء / السبت","12:00 PM","2:00 PM","مخبر5","3","ه.ت"
"101436","مداواة الأسنان اللبية (2)","عملي","الثلاثاء / السبت","2:00 PM","4:00 PM","مخبر5","4","ه.ت"
"101441","التعويضات السنية الجزئية المتحركة(2)","نظري","الاثنين","10:00 AM","12:00 PM","6130","1","د. نيرمين زريق"
"101441","التعويضات السنية الجزئية المتحركة(2)","عملي","الأحد","10:00 AM","12:00 PM","عيادة 1 ج","1","ه.ت"
"101441","التعويضات السنية الجزئية المتحركة(2)","نظري","الأحد","8:00 AM","10:00 AM","6125","2","د. نيرمين زريق"
"101441","التعويضات السنية الجزئية المتحركة(2)","عملي","الأحد","2:00 PM","4:00 PM","عيادة 1 ج","2","ه.ت"
"101441","التعويضات السنية الجزئية المتحركة(2)","عملي","الثلاثاء","8:00 AM","10:00 AM","عيادة 1 ج","3","ه.ت"
"101441","التعويضات السنية الجزئية المتحركة(2)","عملي","الأحد","12:00 PM","2:00 PM","عيادة 1 ج","4","ه.ت"
"101442","التعويضات السنية الكاملة المتحركة (1)","عملي","الاثنين","8:00 AM","10:00 AM","عيادة 1 ج","1","ه.ت"
"101442","التعويضات السنية الكاملة المتحركة (1)","نظري","السبت","8:00 AM","10:00 AM","6022","1","د. غسان وزير"
"101442","التعويضات السنية الكاملة المتحركة (1)","نظري","السبت","10:00 AM","12:00 PM","6022","2","د. غسان وزير"
"101442","التعويضات السنية الكاملة المتحركة (1)","عملي","الاثنين","10:00 AM","12:00 PM","عيادة 1 ج","2","ه.ت"
"101442","التعويضات السنية الكاملة المتحركة (1)","عملي","الثلاثاء","10:00 AM","12:00 PM","عيادة 1 ج","3","ه.ت"
"101442","التعويضات السنية الكاملة المتحركة (1)","عملي","الثلاثاء","2:00 PM","4:00 PM","عيادة 1 ج","4","ه.ت"
"101443","التعويضات الثابتة (3)","نظري","السبت","12:00 PM","2:00 PM","6120","1","د. شذى قنوت"
"101443","التعويضات الثابتة (3)","عملي","السبت","8:00 AM","10:00 AM","عيادة 4 ث","1","ه.ت"
"101443","التعويضات الثابتة (3)","عملي","الأحد","2:00 PM","4:00 PM","عيادة 4 ث","2","ه.ت"
"101443","التعويضات الثابتة (3)","نظري","السبت","2:00 PM","4:00 PM","6120","2","د. شذى قنوت"
"101443","التعويضات الثابتة (3)","عملي","الاثنين","10:00 AM","12:00 PM","عيادة 4 ث","3","ه.ت"
"101443","التعويضات الثابتة (3)","عملي","الثلاثاء","8:00 AM","10:00 AM","عيادة 4 ث","4","ه.ت"
"101453","طب الفم (1)","نظري","الاثنين","8:00 AM","9:00 AM","6126","1","د. نسيم يوسف"
"101453","طب الفم (1)","نظري","الاثنين","9:00 AM","10:00 AM","6126","2","د. نسيم يوسف"
"101457","طب الفم (1) عملي","عملي","السبت","8:00 AM","10:00 AM","عيادة 8","1","ه.ت"
"101457","طب الفم (1) عملي","عملي","السبت","10:00 AM","12:00 PM","عيادة 8","2","ه.ت"
"101457","طب الفم (1) عملي","عملي","الاثنين","12:00 PM","2:00 PM","عيادة 8","3","ه.ت"
"101457","طب الفم (1) عملي","عملي","الاثنين","2:00 PM","4:00 PM","عيادة 8","4","ه.ت"
"101461","تقويم الأسنان (2)","نظري","الأربعاء","8:00 AM","10:00 AM","6022","1","د. محمد خونده"
"101461","تقويم الأسنان (2)","عملي","الأحد","8:00 AM","10:00 AM","مخبر3","1","ه.ت"
"101461","تقويم الأسنان (2)","عملي","الأحد","10:00 AM","12:00 PM","مخبر3","2","ه.ت"
"101461","تقويم الأسنان (2)","نظري","الأربعاء","10:00 AM","12:00 PM","6022","2","د. محمد خونده"
"101461","تقويم الأسنان (2)","عملي","الاثنين","8:00 AM","10:00 AM","مخبر3","3","ه.ت"
"101461","تقويم الأسنان (2)","عملي","الاثنين","10:00 AM","12:00 PM","مخبر3","4","ه.ت"
"101472","طب أسنان الأطفال (1)","نظري","السبت","8:00 AM","10:00 AM","6129","1","د.ليليان أزرق"
"101472","طب أسنان الأطفال (1)","عملي","السبت","10:00 AM","12:00 PM","عيادة 7 ط","1","ه.ت"
"101472","طب أسنان الأطفال (1)","نظري","السبت","10:00 AM","12:00 PM","6129","2","د.ليليان أزرق"
"101472","طب أسنان الأطفال (1)","عملي","السبت","12:00 PM","2:00 PM","عيادة 7 ط","2","ه.ت"
"101472","طب أسنان الأطفال (1)","عملي","الاثنين","12:00 PM","2:00 PM","عيادة 7 ط","3","ه.ت"
"101472","طب أسنان الأطفال (1)","عملي","الاثنين","2:00 PM","4:00 PM","عيادة 7 ط","4","ه.ت"
"101473","أمراض النسج حول السنية (2)","نظري","الأحد","10:00 AM","12:00 PM","6126","1","د . سوسن طاهر"
"101473","أمراض النسج حول السنية (2)","عملي","السبت","10:00 AM","12:00 PM","عيادة 3 ح","1","ه.ت"
"101473","أمراض النسج حول السنية (2)","نظري","الثلاثاء","10:00 AM","12:00 PM","6125","2","د.عبير احمد"
"101473","أمراض النسج حول السنية (2)","عملي","الأحد","12:00 PM","2:00 PM","عيادة 3 ح","2","ه.ت"
"101473","أمراض النسج حول السنية (2)","عملي","الثلاثاء","10:00 AM","12:00 PM","عيادة 3 ح","3","ه.ت"
"101473","أمراض النسج حول السنية (2)","عملي","الثلاثاء","12:00 PM","2:00 PM","عيادة 3 ح","4","ه.ت"
"101473","أمراض النسج حول السنية (2)","عملي","الاثنين","8:00 AM","10:00 AM","عيادة 3 ح","5","ه.ت"
"101483","التخدير و القلع (2)","نظري","السبت","8:00 AM","10:00 AM","6120","1","د. مازن زيناتي"
"101483","التخدير و القلع (2)","عملي","السبت","10:00 AM","12:00 PM","عيادة 9","1","ه.ت"
"101483","التخدير و القلع (2)","نظري","السبت","10:00 AM","12:00 PM","6120","2","د. مازن زيناتي"
"101483","التخدير و القلع (2)","عملي","السبت","12:00 PM","2:00 PM","عيادة 9","2","ه.ت"
"101483","التخدير و القلع (2)","عملي","الأحد","12:00 PM","2:00 PM","عيادة 9","3","ه.ت"
"101483","التخدير و القلع (2)","عملي","الأحد","2:00 PM","4:00 PM","عيادة 9","4","ه.ت"
"101484","التخدير و القلع (3)","نظري","الأربعاء","8:00 AM","10:00 AM","6125","1","د. هيثم بحاح"
"101484","التخدير و القلع (3)","عملي","السبت","8:00 AM","10:00 AM","عيادة 9","1","ه.ت"
"101484","التخدير و القلع (3)","عملي","الأحد","10:00 AM","12:00 PM","عيادة 9","2","ه.ت"
"101484","التخدير و القلع (3)","نظري","الأربعاء","10:00 AM","12:00 PM","6125","2","د. هيثم بحاح"
"101484","التخدير و القلع (3)","عملي","الاثنين","8:00 AM","10:00 AM","عيادة 9","3","ه.ت"
"101484","التخدير و القلع (3)","عملي","الاثنين","10:00 AM","12:00 PM","عيادة 9","4","ه.ت"
"101521","التشخيص الشعاعي","نظري","السبت","2:00 PM","4:00 PM","6121","1","د. محمد يحيى سالم ركاب"
"101521","التشخيص الشعاعي","عملي","الأربعاء","8:00 AM","10:00 AM","مخبر5","1","ه.ت"
"101521","التشخيص الشعاعي","نظري","الثلاثاء","10:00 AM","12:00 PM","6126","2","د. محمد يحيى سالم ركاب"
"101521","التشخيص الشعاعي","عملي","الأربعاء","10:00 AM","12:00 PM","مخبر5","2","ه.ت"
"101521","التشخيص الشعاعي","عملي","الأربعاء","12:00 PM","2:00 PM","مخبر5","3","ه.ت"
"101521","التشخيص الشعاعي","عملي","الأربعاء","2:00 PM","4:00 PM","مخبر5","4","ه.ت"
"101535","مداواة الأسنان المحافظة (4)","عملي","الاثنين","8:00 AM","10:00 AM","عيادة 6 م","1","ه.ت"
"101535","مداواة الأسنان المحافظة (4)","عملي","الاثنين","10:00 AM","12:00 PM","عيادة 6 م","2","ه.ت"
"101535","مداواة الأسنان المحافظة (4)","عملي","الاثنين","12:00 PM","2:00 PM","عيادة 6 م","3","ه.ت"
"101535","مداواة الأسنان المحافظة (4)","عملي","الاثنين","2:00 PM","4:00 PM","عيادة 6 م","4","ه.ت"
"101535","مداواة الأسنان المحافظة (4)","عملي","الأربعاء","8:00 AM","10:00 AM","عيادة 6 م","5","ه.ت"
"101535","مداواة الأسنان المحافظة (4)","عملي","الأربعاء","10:00 AM","12:00 PM","عيادة 6 م","6","ه.ت"
"101536","مداواة الأسنان اللبية (3)","نظري","الأحد","8:00 AM","10:00 AM","6128","1","د. صفوح البني"
"101536","مداواة الأسنان اللبية (3)","عملي","الثلاثاء / السبت","8:00 AM","10:00 AM","عيادة 5 ل","1","ه.ت"
"101536","مداواة الأسنان اللبية (3)","نظري","الأحد","10:00 AM","12:00 PM","6128","2","د. صفوح البني"
"101536","مداواة الأسنان اللبية (3)","عملي","الثلاثاء / السبت","10:00 AM","12:00 PM","عيادة 5 ل","2","ه.ت"
"101536","مداواة الأسنان اللبية (3)","عملي","الثلاثاء / السبت","12:00 PM","2:00 PM","عيادة 5 ل","3","ه.ت"
"101536","مداواة الأسنان اللبية (3)","عملي","الثلاثاء / السبت","2:00 PM","4:00 PM","عيادة 5 ل","4","ه.ت"
"101537","مداواة الأسنان اللبية (4)","عملي","الأحد","8:00 AM","10:00 AM","عيادة 5 ل","1","ه.ت"
"101537","مداواة الأسنان اللبية (4)","عملي","الأحد","10:00 AM","12:00 PM","عيادة 5 ل","2","ه.ت"
"101537","مداواة الأسنان اللبية (4)","عملي","الأحد","12:00 PM","2:00 PM","عيادة 5 ل","3","ه.ت"
"101537","مداواة الأسنان اللبية (4)","عملي","الأحد","2:00 PM","4:00 PM","عيادة 5 ل","4","ه.ت"
"101537","مداواة الأسنان اللبية (4)","عملي","الأربعاء","12:00 PM","2:00 PM","عيادة 5 ل","5","ه.ت"
"101537","مداواة الأسنان اللبية (4)","عملي","الأربعاء","2:00 PM","4:00 PM","عيادة 5 ل","6","ه.ت"
"101544","التعويضات الثابتة (4)","نظري","الثلاثاء","8:00 AM","10:00 AM","6120","1","د. رامي المزيك"
"101544","التعويضات الثابتة (4)","عملي","السبت","12:00 PM","2:00 PM","عيادة 4 ث","1","ه.ت"
"101544","التعويضات الثابتة (4)","نظري","الثلاثاء","10:00 AM","12:00 PM","6120","2","د. رامي المزيك"
"101544","التعويضات الثابتة (4)","عملي","السبت","2:00 PM","4:00 PM","عيادة 4 ث","2","ه.ت"
"101544","التعويضات الثابتة (4)","عملي","الأحد","8:00 AM","10:00 AM","عيادة 4 ث","3","ه.ت"
"101544","التعويضات الثابتة (4)","عملي","الاثنين","8:00 AM","10:00 AM","عيادة 4 ث","4","ه.ت"
"101545","التعويضات الثابتة (5)","عملي","السبت","10:00 AM","12:00 PM","عيادة 4 ث","1","ه.ت"
"101545","التعويضات الثابتة (5)","عملي","الأحد","10:00 AM","12:00 PM","عيادة 4 ث","2","ه.ت"
"101545","التعويضات الثابتة (5)","عملي","الاثنين","2:00 PM","4:00 PM","عيادة 4 ث","3","ه.ت"
"101545","التعويضات الثابتة (5)","عملي","الثلاثاء","10:00 AM","12:00 PM","عيادة 4 ث","4","ه.ت"
"101545","التعويضات الثابتة (5)","عملي","الأربعاء","8:00 AM","10:00 AM","عيادة 4 ث","5","ه.ت"
"101545","التعويضات الثابتة (5)","عملي","الأربعاء","10:00 AM","12:00 PM","عيادة 4 ث","6","ه.ت"
"101546","التعويضات السنية الكاملة المتحركة (2)","نظري","السبت","12:00 PM","2:00 PM","6022","1","د. غسان وزير"
"101546","التعويضات السنية الكاملة المتحركة (2)","عملي","الأحد","8:00 AM","10:00 AM","عيادة 1 ج","1","ه.ت"
"101546","التعويضات السنية الكاملة المتحركة (2)","نظري","السبت","2:00 PM","4:00 PM","6022","2","د. غسان وزير"
"101546","التعويضات السنية الكاملة المتحركة (2)","عملي","الاثنين","12:00 PM","2:00 PM","عيادة 1 ج","2","ه.ت"
"101546","التعويضات السنية الكاملة المتحركة (2)","عملي","الاثنين","2:00 PM","4:00 PM","عيادة 1 ج","3","ه.ت"
"101546","التعويضات السنية الكاملة المتحركة (2)","عملي","الثلاثاء","12:00 PM","2:00 PM","عيادة 1 ج","4","ه.ت"
"101556","طب الفم (2) عملي","عملي","السبت","12:00 PM","2:00 PM","عيادة 8","1","ه.ت"
"101556","طب الفم (2) عملي","عملي","السبت","2:00 PM","4:00 PM","عيادة 8","2","ه.ت"
"101556","طب الفم (2) عملي","عملي","الاثنين","8:00 AM","10:00 AM","عيادة 8","3","ه.ت"
"101556","طب الفم (2) عملي","عملي","الاثنين","10:00 AM","12:00 PM","عيادة 8","4","ه.ت"
"101557","طب الفم (2)","نظري","السبت","8:00 AM","9:00 AM","6130","1","د. محمود عبد الحق"
"101557","طب الفم (2)","نظري","السبت","11:00 AM","12:00 PM","6130","2","د. محمود عبد الحق"
"101571","طب أسنان الأطفال (2)","عملي","السبت","8:00 AM","10:00 AM","عيادة 7 ط","1","ه.ت"
"101571","طب أسنان الأطفال (2)","نظري","الثلاثاء","8:00 AM","10:00 AM","6130","1","د. نغم خوري"
"101571","طب أسنان الأطفال (2)","نظري","الثلاثاء","10:00 AM","12:00 PM","6130","2","د. نغم خوري"
"101571","طب أسنان الأطفال (2)","عملي","السبت","2:00 PM","4:00 PM","عيادة 7 ط","2","ه.ت"
"101571","طب أسنان الأطفال (2)","عملي","الاثنين","8:00 AM","10:00 AM","عيادة 7 ط","3","ه.ت"
"101571","طب أسنان الأطفال (2)","عملي","الاثنين","10:00 AM","12:00 PM","عيادة 7 ط","4","ه.ت"
"101573","زراعة الأسنان","نظري","الاثنين","12:00 PM","1:00 PM","6126","1","د. غسان البسيط"
"101573","زراعة الأسنان","عملي","الأربعاء","8:00 AM","10:00 AM","مخبر3","1","ه.ت"
"101573","زراعة الأسنان","نظري","الاثنين","1:00 PM","2:00 PM","6126","2","د. غسان البسيط"
"101573","زراعة الأسنان","عملي","الأربعاء","10:00 AM","12:00 PM","مخبر3","2","ه.ت"
"101573","زراعة الأسنان","عملي","الأربعاء","12:00 PM","2:00 PM","مخبر3","3","ه.ت"
"101573","زراعة الأسنان","عملي","الأربعاء","2:00 PM","4:00 PM","مخبر3","4","ه.ت"
"101574","امراض النسج حول السنية (3)","نظري","السبت","8:00 AM","10:00 AM","6128","1","د.محمد عاطف درويش"
"101574","امراض النسج حول السنية (3)","عملي","السبت","12:00 PM","2:00 PM","عيادة 3 ح","1","ه.ت"
"101574","امراض النسج حول السنية (3)","نظري","السبت","10:00 AM","12:00 PM","6128","2","د.محمد عاطف درويش"
"101574","امراض النسج حول السنية (3)","عملي","السبت","2:00 PM","4:00 PM","عيادة 3 ح","2","ه.ت"
"101574","امراض النسج حول السنية (3)","نظري","الثلاثاء","8:00 AM","10:00 AM","6128","3","د.محمد عاطف درويش"
"101574","امراض النسج حول السنية (3)","عملي","الأحد","2:00 PM","4:00 PM","عيادة 3 ح","3","ه.ت"
"101574","امراض النسج حول السنية (3)","عملي","الاثنين","10:00 AM","12:00 PM","عيادة 3 ح","4","ه.ت"
"101574","امراض النسج حول السنية (3)","عملي","الثلاثاء","2:00 PM","4:00 PM","عيادة 3 ح","5","ه.ت"
"101575","أمراض النسج حول السنية (4)","عملي","السبت","8:00 AM","10:00 AM","عيادة 3 ح","1","ه.ت"
"101575","أمراض النسج حول السنية (4)","عملي","الأحد","8:00 AM","10:00 AM","عيادة 3 ح","2","ه.ت"
"101575","أمراض النسج حول السنية (4)","عملي","الأحد","10:00 AM","12:00 PM","عيادة 3 ح","3","ه.ت"
"101575","أمراض النسج حول السنية (4)","عملي","الاثنين","12:00 PM","2:00 PM","عيادة 3 ح","4","ه.ت"
"101575","أمراض النسج حول السنية (4)","عملي","الاثنين","2:00 PM","4:00 PM","عيادة 3 ح","5","ه.ت"
"101575","أمراض النسج حول السنية (4)","عملي","الثلاثاء","8:00 AM","10:00 AM","عيادة 3 ح","6","ه.ت"
"101585","إعادة تأهيل الفم","نظري","الاثنين","2:00 PM","3:00 PM","6126","1","د. غسان البسيط"
"101585","إعادة تأهيل الفم","عملي","الاثنين","12:00 PM","2:00 PM","عيادة 4 ث","1","ه.ت"
"101585","إعادة تأهيل الفم","نظري","الاثنين","3:00 PM","4:00 PM","6126","2","د. غسان البسيط"
"101585","إعادة تأهيل الفم","عملي","الأحد","12:00 PM","2:00 PM","عيادة 4 ث","2","ه.ت"
"101585","إعادة تأهيل الفم","عملي","الثلاثاء","12:00 PM","2:00 PM","عيادة 4 ث","3","ه.ت"
"101585","إعادة تأهيل الفم","عملي","الثلاثاء","2:00 PM","4:00 PM","عيادة 4 ث","4","ه.ت"
"101586","جراحة الفم و الوجه و الفكين","نظري","السبت","8:00 AM","11:00 AM","6124","1","د. خلدون درويش"
"101586","جراحة الفم و الوجه و الفكين","عملي","السبت","2:00 PM","4:00 PM","عيادة 9","1","ه.ت"
"101586","جراحة الفم و الوجه و الفكين","نظري","السبت","11:00 AM","2:00 PM","6124","2","د. خلدون درويش"
"101586","جراحة الفم و الوجه و الفكين","عملي","الأحد","8:00 AM","10:00 AM","عيادة 9","2","ه.ت"
"101586","جراحة الفم و الوجه و الفكين","نظري","الاثنين","8:00 AM","11:00 AM","6118","3","د.محمد المقداد"
"101586","جراحة الفم و الوجه و الفكين","عملي","الاثنين","12:00 PM","2:00 PM","عيادة 9","3","ه.ت"
"101586","جراحة الفم و الوجه و الفكين","عملي","الاثنين","2:00 PM","4:00 PM","عيادة 9","4","ه.ت"
"101586","جراحة الفم و الوجه و الفكين","عملي","الثلاثاء","12:00 PM","2:00 PM","عيادة 9","5","ه.ت"
"101586","جراحة الفم و الوجه و الفكين","عملي","الثلاثاء","2:00 PM","4:00 PM","عيادة 9","6","ه.ت"
"201102","علم الحياة الجزيئية","نظري","السبت","8:00 AM","10:00 AM","6119","1","د.نزار عيسى"
"201102","علم الحياة الجزيئية","عملي","السبت","8:00 AM","10:00 AM","7224 م أحياء","1","ه.ت"
"201102","علم الحياة الجزيئية","نظري","السبت","10:00 AM","12:00 PM","6119","2","د.نزار عيسى"
"201102","علم الحياة الجزيئية","عملي","السبت","10:00 AM","12:00 PM","7224 م أحياء","2","ه.ت"
"201102","علم الحياة الجزيئية","نظري","السبت","12:00 PM","2:00 PM","6119","3","د.نزار عيسى"
"201102","علم الحياة الجزيئية","عملي","السبت","12:00 PM","2:00 PM","7224 م أحياء","3","ه.ت"
"201102","علم الحياة الجزيئية","عملي","السبت","2:00 PM","4:00 PM","7224 م أحياء","4","ه.ت"
"201102","علم الحياة الجزيئية","نظري","السبت","2:00 PM","4:00 PM","6119","4","د.نزار عيسى"
"201102","علم الحياة الجزيئية","عملي","الأحد","8:00 AM","10:00 AM","7224 م أحياء","5","ه.ت"
"201102","علم الحياة الجزيئية","نظري","الأربعاء","8:00 AM","10:00 AM","6124","5","د. مروة الحبش"
"201102","علم الحياة الجزيئية","عملي","الأحد","10:00 AM","12:00 PM","7224 م أحياء","6","ه.ت"
"201102","علم الحياة الجزيئية","نظري","الأربعاء","10:00 AM","12:00 PM","6124","6","د. مروة الحبش"
"201102","علم الحياة الجزيئية","عملي","الأحد","12:00 PM","2:00 PM","7224 م أحياء","7","ه.ت"
"201102","علم الحياة الجزيئية","نظري","الأربعاء","12:00 PM","2:00 PM","6124","7","د. مروة الحبش"
"201102","علم الحياة الجزيئية","عملي","الأحد","2:00 PM","4:00 PM","7224 م أحياء","8","ه.ت"
"201102","علم الحياة الجزيئية","عملي","الثلاثاء","2:00 PM","4:00 PM","7224 م أحياء","9","ه.ت"
"201123","كيمياء عضوية نظري","نظري","السبت","2:00 PM","4:00 PM","7014","1","د.حياة طبيخ"
"201127","كيمياء عضوية عملي","عملي","الاثنين","12:00 PM","2:00 PM","7226 م كيمياء","1","ه.ت"
"201127","كيمياء عضوية عملي","عملي","الاثنين","2:00 PM","4:00 PM","7226 م كيمياء","2","ه.ت"
"601100","فيزياء عامة للعلوم الطبية (عملي)","عملي","السبت","10:00 AM","12:00 PM","7004","1","حمزة مشلوط"
"601100","فيزياء عامة للعلوم الطبية (عملي)","عملي","السبت","2:00 PM","4:00 PM","7004","2","حمزة مشلوط"
"601100","فيزياء عامة للعلوم الطبية (عملي)","عملي","الأحد","8:00 AM","10:00 AM","7004","3","أ. حسام العامري"
"601100","فيزياء عامة للعلوم الطبية (عملي)","عملي","الأحد","10:00 AM","12:00 PM","7004","4","أ. حسام العامري"
"601100","فيزياء عامة للعلوم الطبية (عملي)","عملي","الاثنين","10:00 AM","12:00 PM","7004","5","أ. حسام العامري"
"601100","فيزياء عامة للعلوم الطبية (عملي)","عملي","الاثنين","2:00 PM","4:00 PM","7004","6","حمزة مشلوط"
"601100","فيزياء عامة للعلوم الطبية (عملي)","عملي","الثلاثاء","8:00 AM","10:00 AM","7004","7","أ. حسام العامري"
"601100","فيزياء عامة للعلوم الطبية (عملي)","عملي","الثلاثاء","10:00 AM","12:00 PM","7004","8","أ. حسام العامري"
"601110","فيزياء عامة للعلوم الطبية (طب)","نظري","السبت","2:00 PM","4:00 PM","4015","1","د.يوسف أبو علي"
"601110","فيزياء عامة للعلوم الطبية (طب)","نظري","السبت","11:00 AM","1:00 PM","4017","2","د .أوس السلمان"
"601110","فيزياء عامة للعلوم الطبية (طب)","نظري","الأحد","1:00 PM","3:00 PM","4017","3","د. كمال عفيصه"
"601110","فيزياء عامة للعلوم الطبية (طب)","نظري","الاثنين","10:00 AM","12:00 PM","4015","4","د. شريف حواط"
"602103","كيمياء عامة للعلوم الطبية (طب)","نظري","الأحد","8:00 AM","10:00 AM","6022","1","د. منيب شهدا"
"602103","كيمياء عامة للعلوم الطبية (طب)","نظري","الأحد","10:00 AM","12:00 PM","6022","2","د. منيب شهدا"
"602103","كيمياء عامة للعلوم الطبية (طب)","نظري","الأحد","12:00 PM","2:00 PM","6022","3","د. منيب شهدا"
"602103","كيمياء عامة للعلوم الطبية (طب)","نظري","الثلاثاء","8:00 AM","10:00 AM","6022","4","د. منيب شهدا"
"602103","كيمياء عامة للعلوم الطبية (طب)","نظري","الثلاثاء","10:00 AM","12:00 PM","6022","5","د. منيب شهدا"
"602103","كيمياء عامة للعلوم الطبية (طب)","نظري","الثلاثاء","12:00 PM","2:00 PM","6022","6","د. منيب شهدا"
"602108","كيمياء حيوية (1)","نظري","الاثنين","8:00 AM","9:00 AM","7015","1","د. راما عياش"
"602108","كيمياء حيوية (1)","نظري","الاثنين","9:00 AM","10:00 AM","7015","2","د. راما عياش"
"602108","كيمياء حيوية (1)","نظري","الاثنين","10:00 AM","11:00 AM","7015","3","د. راما عياش"
"602108","كيمياء حيوية (1)","نظري","الاثنين","11:00 AM","12:00 PM","7015","4","د. راما عياش"
"602108","كيمياء حيوية (1)","نظري","الاثنين","12:00 PM","1:00 PM","7015","5","د. راما عياش"
"602108","كيمياء حيوية (1)","نظري","الاثنين","1:00 PM","2:00 PM","7015","6","د. راما عياش"
"602109","كيمياء حيوية (1) عملي","عملي","السبت","8:00 AM","10:00 AM","7214","1","ه.ت"
"602109","كيمياء حيوية (1) عملي","عملي","السبت","10:00 AM","12:00 PM","7214","2","ه.ت"
"602109","كيمياء حيوية (1) عملي","عملي","السبت","12:00 PM","2:00 PM","7214","3","ه.ت"
"602109","كيمياء حيوية (1) عملي","عملي","السبت","2:00 PM","4:00 PM","7214","4","ه.ت"
"602109","كيمياء حيوية (1) عملي","عملي","الأربعاء","8:00 AM","10:00 AM","7214","5","ه.ت"
"602109","كيمياء حيوية (1) عملي","عملي","الأربعاء","10:00 AM","12:00 PM","7214","6","ه.ت"
"602109","كيمياء حيوية (1) عملي","عملي","الأربعاء","12:00 PM","2:00 PM","7214","7","ه.ت"
"602109","كيمياء حيوية (1) عملي","عملي","الأربعاء","2:00 PM","4:00 PM","7214","8","ه.ت"
"602109","كيمياء حيوية (1) عملي","عملي","الاثنين","12:00 PM","2:00 PM","7225","9","ه.ت"
"602109","كيمياء حيوية (1) عملي","عملي","الاثنين","2:00 PM","4:00 PM","7225","10","ه.ت"
"602109","كيمياء حيوية (1) عملي","عملي","الثلاثاء","12:00 PM","2:00 PM","7214","11","ه.ت"
"602109","كيمياء حيوية (1) عملي","عملي","الثلاثاء","2:00 PM","4:00 PM","7214","12","ه.ت"
"701111","علم الوراثة","نظري","السبت","8:00 AM","9:00 AM","6125","1","د. لبنى مقراني"
"701111","علم الوراثة","نظري","السبت","9:00 AM","10:00 AM","6125","2","د. لبنى مقراني"
"701111","علم الوراثة","نظري","السبت","10:00 AM","11:00 AM","6125","3","د. لبنى مقراني"
"701111","علم الوراثة","نظري","السبت","11:00 AM","12:00 PM","6125","4","د. لبنى مقراني"
"701113","علم وظائف الأعضاء","نظري","السبت","2:00 PM","4:00 PM","6127","1","د. أمل الضاهر"
"701113","علم وظائف الأعضاء","نظري","السبت","12:00 PM","2:00 PM","6127","2","د. أمل الضاهر"
"701113","علم وظائف الأعضاء","نظري","الأربعاء","10:00 AM","12:00 PM","6126","3","د. بيسان احمد"
"701113","علم وظائف الأعضاء","نظري","الأربعاء","12:00 PM","2:00 PM","6126","4","د. بيسان احمد"
"701119","علم وظائف الأعضاء عملي","عملي","الاثنين","2:00 PM","4:00 PM","7213","1","ه.ت"
"701119","علم وظائف الأعضاء عملي","عملي","الثلاثاء","8:00 AM","10:00 AM","7213","2","ه.ت"
"701119","علم وظائف الأعضاء عملي","عملي","الثلاثاء","10:00 AM","12:00 PM","7213","3","ه.ت"
"701119","علم وظائف الأعضاء عملي","عملي","الثلاثاء","12:00 PM","2:00 PM","7213","4","ه.ت"
"701119","علم وظائف الأعضاء عملي","عملي","الثلاثاء","2:00 PM","4:00 PM","7213","5","ه.ت"
"701122","تشريح ورسم الأسنان","عملي","السبت","8:00 AM","10:00 AM","مخبر7","1","ه.ت"
"701122","تشريح ورسم الأسنان","نظري","الثلاثاء","8:00 AM","10:00 AM","6124","1","د. مايا سعد"
"701122","تشريح ورسم الأسنان","نظري","الثلاثاء","10:00 AM","12:00 PM","6124","2","د. مايا سعد"
"701122","تشريح ورسم الأسنان","عملي","السبت","10:00 AM","12:00 PM","مخبر7","2","ه.ت"
"701122","تشريح ورسم الأسنان","عملي","السبت","12:00 PM","2:00 PM","مخبر7","3","ه.ت"
"701122","تشريح ورسم الأسنان","عملي","السبت","2:00 PM","4:00 PM","مخبر7","4","ه.ت"
"701212","كيمياء حيوية (2)","عملي","الثلاثاء","8:00 AM","10:00 AM","7227م","1","ه.ت"
"701212","كيمياء حيوية (2)","نظري","الاثنين","2:00 PM","3:00 PM","7015","1","د. راما عياش"
"701212","كيمياء حيوية (2)","عملي","الثلاثاء","10:00 AM","12:00 PM","7227م","2","ه.ت"
"701221","التشريح العام","نظري","الأحد","8:00 AM","10:00 AM","6118","1","د.محمد المقداد"
"701221","التشريح العام","عملي","الأحد","12:00 PM","2:00 PM","مخبر5","1","ه.ت"
"701221","التشريح العام","عملي","الأحد","2:00 PM","4:00 PM","مخبر5","2","ه.ت"
"701221","التشريح العام","نظري","الأحد","10:00 AM","12:00 PM","6118","2","د.محمد المقداد"
"701221","التشريح العام","عملي","الاثنين","12:00 PM","2:00 PM","مخبر5","3","ه.ت"
"701221","التشريح العام","عملي","الاثنين","2:00 PM","4:00 PM","مخبر5","4","ه.ت"
"701241","علم الجنين الخاص بالفم و الأسنان","نظري","الأحد","12:00 PM","1:00 PM","6118","1","د.محمد المقداد"
"701241","علم الجنين الخاص بالفم و الأسنان","نظري","الأحد","1:00 PM","2:00 PM","6118","2","د.محمد المقداد"
"701251","علم النسج (1)","نظري","الأحد","8:00 AM","10:00 AM","6121","1","د. رولا عز الدين"
"701251","علم النسج (1)","عملي","الاثنين","12:00 PM","2:00 PM","مخبر1","1","ه.ت"
"701251","علم النسج (1)","نظري","الأحد","10:00 AM","12:00 PM","6121","2","د. رولا عز الدين"
"701251","علم النسج (1)","عملي","الاثنين","2:00 PM","4:00 PM","مخبر1","2","ه.ت"
"701251","علم النسج (1)","عملي","الثلاثاء","12:00 PM","2:00 PM","مخبر1","3","ه.ت"
"701251","علم النسج (1)","عملي","الثلاثاء","2:00 PM","4:00 PM","مخبر1","4","ه.ت"
"701261","علم الأدوية الخاص بالفم و الأسنان","نظري","الأحد","8:00 AM","10:00 AM","7006","1","د. ربا السروجي"
"701261","علم الأدوية الخاص بالفم و الأسنان","نظري","الأحد","10:00 AM","12:00 PM","7006","2","د. ربا السروجي"
"701261","علم الأدوية الخاص بالفم و الأسنان","نظري","الأحد","12:00 PM","2:00 PM","7006","3","د. ربا السروجي"
"701261","علم الأدوية الخاص بالفم و الأسنان","نظري","الأحد","2:00 PM","4:00 PM","7006","4","د. ربا السروجي"
"701272","علم النسج الفموي (2)","عملي","الأحد","8:00 AM","10:00 AM","مخبر1","1","ه.ت"
"701272","علم النسج الفموي (2)","نظري","الثلاثاء","10:00 AM","12:00 PM","6127","1","د. رولا عز الدين"
"701272","علم النسج الفموي (2)","نظري","الثلاثاء","12:00 PM","2:00 PM","6127","2","د. رولا عز الدين"
"701272","علم النسج الفموي (2)","عملي","الأحد","10:00 AM","12:00 PM","مخبر1","2","ه.ت"
"701272","علم النسج الفموي (2)","عملي","الأحد","12:00 PM","2:00 PM","مخبر1","3","ه.ت"
"701272","علم النسج الفموي (2)","نظري","الثلاثاء","8:00 AM","10:00 AM","6127","3","د. رولا عز الدين"
"701272","علم النسج الفموي (2)","عملي","الأحد","2:00 PM","4:00 PM","مخبر1","4","ه.ت"
"701272","علم النسج الفموي (2)","عملي","الأحد","8:00 AM","10:00 AM","مخبر2","5","ه.ت"
"701272","علم النسج الفموي (2)","عملي","الأحد","10:00 AM","12:00 PM","مخبر2","6","ه.ت"
"701281","علم الأحياء الدقيقة","نظري","الأحد","8:00 AM","10:00 AM","7014","1","د. خليل محمد القوتلي"
"701281","علم الأحياء الدقيقة","عملي","السبت","8:00 AM","10:00 AM","7215","1","ه.ت"
"701281","علم الأحياء الدقيقة","عملي","السبت","10:00 AM","12:00 PM","7215","2","ه.ت"
"701281","علم الأحياء الدقيقة","نظري","الأحد","10:00 AM","12:00 PM","7014","2","د. خليل محمد القوتلي"
"701281","علم الأحياء الدقيقة","نظري","الأربعاء","8:00 AM","10:00 AM","7015","3","د. خليل محمد القوتلي"
"701281","علم الأحياء الدقيقة","عملي","السبت","12:00 PM","2:00 PM","7215","3","ه.ت"
"701281","علم الأحياء الدقيقة","نظري","الأربعاء","10:00 AM","12:00 PM","7015","4","د. خليل محمد القوتلي"
"701281","علم الأحياء الدقيقة","عملي","السبت","2:00 PM","4:00 PM","7215","4","ه.ت"
"701281","علم الأحياء الدقيقة","عملي","الأحد","8:00 AM","10:00 AM","7215","5","ه.ت"
"701281","علم الأحياء الدقيقة","عملي","الأحد","10:00 AM","12:00 PM","7215","6","ه.ت"
"701281","علم الأحياء الدقيقة","عملي","الأحد","12:00 PM","2:00 PM","7215","7","ه.ت"
"701281","علم الأحياء الدقيقة","عملي","الأحد","2:00 PM","4:00 PM","7215","8","ه.ت"
"701291","الاحصاء الطبي","نظري","الأربعاء","11:00 AM","12:00 PM","6120","1","د. سلطان الصلخدي"
"701291","الاحصاء الطبي","نظري","الأربعاء","12:00 PM","1:00 PM","6120","2","د. سلطان الصلخدي"
"701291","الاحصاء الطبي","نظري","الأربعاء","1:00 PM","2:00 PM","6120","3","د. سلطان الصلخدي"
"701351","التشريح المرضي العام","نظري","السبت","10:00 AM","12:00 PM","6126","1","د. أحمد منديلي"
"701351","التشريح المرضي العام","عملي","الثلاثاء","8:00 AM","10:00 AM","مخبر1","1","ه.ت"
"701351","التشريح المرضي العام","نظري","السبت","12:00 PM","2:00 PM","6126","2","د. أحمد منديلي"
"701351","التشريح المرضي العام","عملي","الثلاثاء","10:00 AM","12:00 PM","مخبر1","2","ه.ت"
"701351","التشريح المرضي العام","عملي","الثلاثاء","8:00 AM","10:00 AM","مخبر2","3","ه.ت"
"701351","التشريح المرضي العام","عملي","الثلاثاء","10:00 AM","12:00 PM","مخبر2","4","ه.ت"
"701352","التشريح المرضي الخاص بالفم و الأسنان(1)","نظري","الاثنين","8:00 AM","10:00 AM","6128","1","د. مايا الجوخدار"
"701352","التشريح المرضي الخاص بالفم و الأسنان(1)","عملي","السبت","8:00 AM","10:00 AM","مخبر1","1","ه.ت"
"701352","التشريح المرضي الخاص بالفم و الأسنان(1)","عملي","السبت","10:00 AM","12:00 PM","مخبر1","2","ه.ت"
"701352","التشريح المرضي الخاص بالفم و الأسنان(1)","نظري","الاثنين","10:00 AM","12:00 PM","6128","2","د. مايا الجوخدار"
"701352","التشريح المرضي الخاص بالفم و الأسنان(1)","عملي","السبت","12:00 PM","2:00 PM","مخبر1","3","ه.ت"
"701352","التشريح المرضي الخاص بالفم و الأسنان(1)","عملي","السبت","2:00 PM","4:00 PM","مخبر1","4","ه.ت"
"701371","مكافحة العدوى","نظري","الأربعاء","2:00 PM","3:00 PM","6126","1","د.عبير احمد"
"701371","مكافحة العدوى","نظري","الأربعاء","3:00 PM","4:00 PM","6126","2","د.عبير احمد"
"701452","التشريح المرضي الخاص بالفم و الأسنان (2)","نظري","السبت","8:00 AM","10:00 AM","6126","1","د. أحمد منديلي"
"701452","التشريح المرضي الخاص بالفم و الأسنان (2)","عملي","الاثنين","8:00 AM","10:00 AM","مخبر1","1","ه.ت"
"701452","التشريح المرضي الخاص بالفم و الأسنان (2)","عملي","الاثنين","10:00 AM","12:00 PM","مخبر1","2","ه.ت"
"701575","طب الأسنان الشيخوخي","نظري","الأحد","12:00 PM","1:00 PM","6126","1","د . سوسن طاهر"
"701575","طب الأسنان الشيخوخي","نظري","الأحد","1:00 PM","2:00 PM","6126","2","د . سوسن طاهر"
"702221","طب المجتمع و طب الأسنان الشرعي","نظري","السبت","2:00 PM","4:00 PM","6126","1","د. أحمد منديلي"
"702301","الأمراض الجلدية و أمراض العين و الأذن و الأنف و الحنجرة","نظري","السبت","8:00 AM","10:00 AM","6118","1","د. نضال حمادي"
"702301","الأمراض الجلدية و أمراض العين و الأذن و الأنف و الحنجرة","نظري","السبت","10:00 AM","12:00 PM","6118","2","د. جورجس داوود"
"702311","الطب الداخلي لطلبة طب الأسنان","نظري","السبت","8:00 AM","10:00 AM","6121","1","د. زينب شحادة"
"702311","الطب الداخلي لطلبة طب الأسنان","نظري","السبت","10:00 AM","12:00 PM","6121","2","د. زينب شحادة"
"703311","الجراحة العامة لطلبة طب الأسنان","نظري","الأربعاء","8:00 AM","10:00 AM","6121","1","د.محمد يحيى محمد رئيف حمادة الخياط"
"703311","الجراحة العامة لطلبة طب الأسنان","عملي","الأحد","8:00 AM","10:00 AM","مخبر5","1","ه.ت"
"703311","الجراحة العامة لطلبة طب الأسنان","عملي","الأحد","10:00 AM","12:00 PM","مخبر5","2","ه.ت"
"703311","الجراحة العامة لطلبة طب الأسنان","نظري","الأربعاء","10:00 AM","12:00 PM","6121","2","د.محمد يحيى محمد رئيف حمادة الخياط"
"703311","الجراحة العامة لطلبة طب الأسنان","عملي","الاثنين","8:00 AM","10:00 AM","مخبر5","3","ه.ت"
"703311","الجراحة العامة لطلبة طب الأسنان","عملي","الاثنين","10:00 AM","12:00 PM","مخبر5","4","ه.ت"